model_id,model_make_id,model_name,model_trim,model_year,model_body,model_engine_position,model_engine_cc,model_engine_cyl,model_engine_type,model_engine_valves_per_cyl,model_engine_power_ps,model_engine_power_rpm,model_engine_torque_nm,model_engine_torque_rpm,model_engine_bore_mm,model_engine_stroke_mm,model_engine_compression,model_engine_fuel,model_top_speed_kph,model_0_to_100_kph,model_drive,model_transmission_type,model_seats,model_doors,model_weight_kg,model_length_mm,model_width_mm,model_height_mm,model_wheelbase_mm,model_lkm_hwy,model_lkm_mixed,model_lkm_city,model_fuel_cap_l,model_sold_in_us,model_co2,model_make_display,make_display,make_country
"139","abarth","205","A Berlinetta GT","1951","","Front","1188","4","in-line","","65","5500","","","71.0","74.9","","Gasoline","170","","Rear","Manual","2","2","818","3500","1430","1250","2110","","","","27","0","","Abarth","Abarth","Italy"
"185","ac","2-Litre","","1948","","Front","1991","6","in-line","2","77","4500","137","2500","65.0","100.0","","Gasoline","","","Rear","Manual","5","2","1320","4680","1710","1560","2980","","","","52","1","","AC","AC","UK"
"47856","acura","Integra","1.5 3 Door","1986","Hatchback","Front","1500","4","in-line","","115","","","","","","","Gasoline","","","Front","Manual","5","3","","4285","1665","1290","2450","","","","","1","","Acura","Acura","USA"
"48586","alfa-romeo","6C","","1941","","Front","2442","6","in-line","2","90","4600","","","72.0","100.0","","Gasoline","","","Rear","Manual","5","4","1500","4880","1840","1510","3010","","","","77","0","","Alfa Romeo","Alfa Romeo","Italy"
"1377","allard","J1","","1946","","Front","3622","8","in-line","2","86","3800","203","1500","","","7.5:1","Gasoline","132","","Rear","Manual","","2","1020","3690","1480","1510","2440","","","","","0","","Allard","Allard","UK"
"1495","alpina","2002","tii","1973","","Front","1991","4","in-line","","","","","","","","","Gasoline","","","Rear","","","","980","4240","1600","1420","2510","","","","","1","","Alpina","Alpina","UK"
"1509","alpine","A 106","","1955","Coupe","Rear","747","4","in-line","2","20","4000","45","2000","","","","Gasoline","","","Rear","Manual","","2","530","3700","1450","1280","2110","","","","28","0","","Alpine","Alpine","Germany"
"1572","alvis","TA 14","","1945","","Front","1892","4","in-line","","65","4000","","","74.0","110.0","","","129","","Rear","Manual","2","2","1447","4430","1680","","2750","","","","","0","","Alvis","Alvis","UK"
"1597","amc","AMX","","1968","","Front","6386","8","V","","319","4600","576","3200","105.8","90.8","10.2:1","","230","","Rear","Automatic","2","2","1377","4510","1830","1320","2470","","","","","1","","AMC","AMC","USA"
"1628","ariel","Atom","","2000","Roadster","Rear","1589","4","in-line","4","111","5000","149","3000","","","","Gasoline","","","Rear","Manual","","","460","3420","1800","1200","2350","","","","","1","","Ariel","Ariel","UK"
"1636","armstrong-siddeley","16","","1945","","Front","1989","6","in-line","","71","4200","","","65.0","100.0","7.0:1","","","","Rear","Manual","5","","1525","4770","1730","","2930","","","","","0","","Armstrong Siddeley","Armstrong Siddeley","UK"
"1649","ascari","FG-T","","1992","","Middle","4600","8","V","4","290","","","","","","","Gasoline","281","","Rear","Automatic","2","2","","","","","","","","","","0","","Ascari","Ascari","UK"
"1703","aston-martin","15","","1941","","Front","1950","4","in-line","2","","","","","","","","Gasoline","","","Rear","Manual","","","1120","","","","","","","","","1","","Aston Martin","Aston Martin","UK"
"2888","audi","Variant","","1966","","Front","1696","4","in-line","","72","5000","128","2800","80.0","84.4","10.6:1","Gasoline","","","Front","","","","1070","4390","1630","1460","2500","","","","","0","","Audi","Audi","Germany"
"3460","austin","8","","1941","","Front","1125","4","in-line","2","","","","","","","","Gasoline","","","","","","","","","","","","","","","","0","","Austin","Austin","UK"
"3724","austin-healey","100","","1952","","Front","2660","4","in-line","2","90","4000","144","2500","87.3","111.1","","Gasoline","","","Rear","Manual","2","2","945","3860","1540","1250","2290","","","","","1","","Austin-Healey","Austin-Healey","UK"
"3730","autobianchi","Bianchina","","1957","Hatchback","Rear","478","2","in-line","","16","4000","30","3400","","","","Gasoline","","","Rear","Manual","5","3","470","2990","1350","1330","1850","","","","","0","","Autobianchi","Autobianchi","Italy"
"3801","auverland","A3","L","1990","","Front","1905","4","in-line","","","","","","","","","","","","4WD","","2","","","","","","","","","","","0","","Auverland","Auverland","France"
"3842","avanti","Avanti","","1965","","Front","5354","8","in-line","","258","5000","488","3400","","","10.5:1","Gasoline","220","","Rear","Manual","4","2","1460","4910","1800","1380","2780","","","","95","1","","Avanti","Avanti","USA"
"3858","beijing","BJ 212","","1964","","","2445","4","in-line","","75","3500","172","2000","","","","Gasoline","","","4WD","Manual","","","1395","3910","1760","1880","2310","","","","","0","","Beijing","Beijing","China"
"4041","bentley","MK V","","1941","","Front","5300","6","in-line","2","","","","","","","","Gasoline","","","Rear","","","","","","","","3160","","","","","1","","Bentley","Bentley","UK"
"4059","berkeley","Twosome","","1956","","Front","328","2","in-line","","15","5000","22","3500","","","","Gasoline","","","Front","Manual","","","306","3130","1280","1060","1790","","","","","1","","Berkeley","Berkeley","UK"
"4068","bitter","CD","","1973","","Front","5353","8","V","2","229","4700","427","3000","101.6","82.6","10.5:1","","209","","Rear","Automatic","4","2","1724","4860","1850","1290","2690","","","","80","1","","Bitter","Bitter","Germany"
"4108","bizzarrini","A3C","","1964","","","5354","8","in-line","","366","5800","510","3500","","","","Gasoline","","","Rear","Manual","","","1260","4470","1770","1120","2460","","","","","1","","Bizzarrini","Bizzarrini","Italy"
"4530","bmw","340","","1949","","Front","1971","6","in-line","2","54","3750","","","","","","Gasoline","","","Rear","","5","","1250","4610","1770","1640","2880","","","","","1","","BMW","BMW","Germany"
"5770","brilliance","BS4","1.6","2009","","Front","1582","4","in-line","4","100","6000","134","4500","76.0","87.3","9.5:1","Gasoline - Premium","180","13.9","Front","Manual","5","4","1475","4660","1810","1460","2800","","8.0","","74","0","","Brilliance","Brilliance","China"
"5822","bristol","450","","1946","","Front","1971","6","in-line","2","155","5500","","","66.0","96.0","","Gasoline","241","","Rear","","2","2","730","4480","1660","1530","2480","","","","54","0","","Bristol","Bristol","UK"
"6028","buick","40","","1941","","Front","4066","8","in-line","2","116","3500","","","","","","Gasoline","","","Rear","","","","1590","","","","3000","","","","","1","","Buick","Buick","USA"
"6667","cadillac","60","","1941","","Front","5672","8","V","2","150","3400","","","","","","Gasoline","","","Rear","Manual","5","","1824","5450","1920","","3230","","","","","1","","Cadillac","Cadillac","USA"
"6779","caterham","1700","Super Sprint","1985","","Front","1692","4","in-line","","137","6000","165","4500","83.3","77.6","10.5:1","","179","","Rear","Manual","2","","543","3400","1580","1090","2240","","","","","1","","Caterham","Caterham","UK"
"7798","chevrolet","Suburban","","1946","SUV","Front","0","","","","","","","","","","","","","","","","","","","","","","","","","","","1","","Chevrolet","Chevrolet","USA"
"8323","chrysler","Thunderbolt","","1941","","Front","5300","8","in-line","2","143","3400","","","","","","Gasoline","","","Rear","Manual","","","","","","","","","","","","1","","Chrysler","Chrysler","USA"
"10082","citroen","11","","1941","","Front","1911","4","in-line","2","56","3200","","","","","","Gasoline","","","Front","Manual","5","","1120","4660","1770","1550","3100","","","","","0","","Citroen","Citroen","France"
"10304","dacia","Supernova","","2002","Hatchback","Front","1396","4","in-line","2","75","","","","","","","Gasoline","168","","Front","Manual","5","5","950","4040","1650","1400","","5.3","5.7","6.7","44","0","","Dacia","Dacia","Romania"
"10326","daewoo","Maepsy-Na","","1982","Sedan","Front","1492","4","in-line","","60","5000","100","3000","","","","Gasoline","","","Rear","Manual","5","4","924","4270","1620","1370","2410","","","","","0","","Daewoo","Daewoo","South Korea"
"10501","daf","600","","1959","","Front","590","2","in-line","","19","4000","45","2500","76.0","65.0","7.1:1","Gasoline","","","Rear","","5","","630","3610","1450","1380","2060","","","","28","0","","DAF","DAF","Netherlands"
"10711","daihatsu","Bee","","1951","","Front","354","","","","20","5000","35","4000","","","","Gasoline","","","","","4","","515","3000","1290","1360","2000","","","","","0","","Daihatsu","Daihatsu","Japan"
"10904","daimler","DE 27","","1946","","Front","4095","6","in-line","","112","3600","","","","","6.3:1","","132","","Rear","Manual","5","","2540","5490","1870","","3520","","","","","1","","Daimler","Daimler","UK"
"10911","datsun","1000","","1966","","Front","988","4","in-line","","62","6000","84","4000","73.0","59.0","8.5:1","","135","","Rear","Manual","5","","625","3820","1450","1350","2290","","","","","1","","Datsun","Datsun","Japan"
"11073","dodge","WC 51","","1942","","","3770","","","","","","","","","","","Gasoline","","","","","","","2315","4360","2130","1880","","","","","","1","","Dodge","Dodge","USA"
"11783","donkervoort","S7","","1983","","Front","1998","4","in-line","","112","","163","","","","","Gasoline","170","","Rear","Automatic","","","","3570","1650","1080","","","","","","0","","Donkervoort","Donkervoort","Netherlands"
"11799","eagle","Summit","Sedan 1.5","1988","Sedan","Front","1468","4","in-line","","82","5500","123","3500","","","","Gasoline","","","Front","","5","4","1032","4330","1680","1350","2470","","","","","1","","Eagle","Eagle","USA"
"12116","ferrari","125","","1947","","Front","1498","12","in-line","2","72","5600","","","","","","Gasoline","","","Rear","Manual","2","2","750","","","","2430","","","","75","1","","Ferrari","Ferrari","Italy"
"12909","fiat","500","Topolino","1941","Coupe","Rear","569","4","in-line","","14","4000","","","","","","Gasoline","","","Rear","Manual","4","2","535","3220","1280","1380","2010","","","","","0","","Fiat","Fiat","Italy"
"52372","fisker","Karma","Eco-Chic","2011","Sedan","Front","0","","","","","","","","","","","Gasoline / Electric Hybrid","","","Rear","Single Speed","4","4","2540","4996","1984","1331","3160","","","","36","1","","Fisker","Fisker","USA"
"14728","ford","Taunus","","1941","","Front","1172","4","in-line","2","34","","","","","","","Gasoline","","","Rear","Manual","5","","834","4110","1490","1610","2390","","","","","1","","Ford","Ford","USA"
"15951","gaz","M1","","1941","","","3285","4","in-line","2","50","2800","","","","","","Gasoline","","","Rear","Manual","","","1370","4630","1780","1780","2850","","","","","0","","GAZ","GAZ","Russia"
"15959","geely","CK","1.3 GB","2008","","Front","1340","4","in-line","4","","","110","5200","78.7","69.0","9.3:1","Gasoline","","","Front","Manual","5","4","1040","","","","2440","","","","45","0","","Geely","Geely","China"
"16004","ginetta","G4","","1960","","Front","997","4","in-line","2","40","5000","71","2700","","","","","169","","Rear","Manual","2","2","445","3360","1430","1070","2050","","","","23","0","","Ginetta","Ginetta","UK"
"16130","gmc","Firebird","","1956","","Front","0","","","","","","","","","","","Gasoline","","","","","","","","","","","","","","","","1","","GMC","GMC","USA"
"16583","holden","FX","","1948","","Front","2166","6","in-line","2","52","","136","2000","","","","Gasoline","","","Rear","Manual","","","970","4380","1710","1580","2620","","","","","0","","Holden","Holden","Australia"
"17466","honda","S500","","1962","Roadster","Front","492","4","in-line","","39","8000","39","6000","","","","Gasoline","","","Rear","Manual","","2","680","3310","1440","1210","2010","","","","40","0","","Honda","Honda","Japan"
"17886","hudson","Commodore","","1949","","Front","4166","8","in-line","","130","4200","","","76.2","114.3","6.5:1","","150","","Rear","Manual","5","","1656","5280","1960","","3160","","","","","1","","Hudson","Hudson","USA"
"17912","humber","Hawk","","1948","","Front","1944","4","in-line","","56","3800","","","75.0","110.0","6.4:1","","","","Rear","Manual","5","4","1247","4480","1780","","2690","","","","45","0","","Humber","Humber","UK"
"17985","hummer","H1","","1983","SUV","Front","5733","8","in-line","","190","4000","407","2400","","","","Gasoline","","","4WD","","","","2770","4690","2200","1840","3310","","","","","1","","Hummer","Hummer","USA"
"18468","hyundai","Pony","Coupe","1974","Coupe","Front","1238","4","in-line","","83","6000","85","4000","73.0","74.0","","","","","Rear","Manual","4","2","830","4110","1570","1220","2350","","","","45","0","","Hyundai","Hyundai","South Korea"
"18703","infiniti","Q45","","1989","Sedan","Front","4494","8","V","4","281","6000","396","4000","93.1","82.7","10.2:1","Gasoline","","","Rear","Automatic","5","4","1750","5080","1830","1440","2890","","","","72","1","","Infiniti","Infiniti","Japan"
"18819","innocenti","950","","1960","","Front","946","4","in-line","","34","4750","73","2000","","","","Gasoline","","","Rear","Manual","4","","730","3670","1520","1440","2130","","","","","0","","Innocenti","Innocenti","Italy"
"18888","isuzu","Minx","PH 10","1953","","Front","1265","4","in-line","2","38","4200","","2200","","","","Gasoline","","","Rear","Manual","","","960","4070","1580","1530","2370","","","","","0","","Isuzu","Isuzu","Japan"
"19083","italdesign","Tapiro","","1970","","Middle","2400","6","boxer","2","220","7800","","","","","","Gasoline","","","Rear","Manual","","","","4070","1770","1120","","","","","","0","","Italdesign","Italdesign","Italy"
"19148","jaguar","SS","100 2700","1941","","Front","2661","6","in-line","2","","","","","","","","Gasoline","","","","","2","2","1165","3820","1600","1380","2650","","","","68","1","","Jaguar","Jaguar","UK"
"19924","jeep","MB","","1942","","Front","2198","4","in-line","2","60","3820","145","3600","","","","Gasoline","","","4WD","Manual","","","1080","3330","1460","1840","2040","","","","","1","","Jeep","Jeep","USA"
"19990","jensen","Straight 8","","1948","Sedan","Front","3860","8","in-line","","132","4300","","","85.0","85.0","","","","","Rear","Manual","5","4","1525","5110","1780","","3210","","","","86","0","","Jensen","Jensen","UK"
"20323","kia","Brisa","","1974","","Front","985","4","in-line","","54","6000","68","3500","","","","Gasoline","","","Rear","Manual","","","790","3860","1550","1400","2270","","","","","0","","Kia","Kia","South Korea"
"47726","koenigsegg","CC8S","","2002","Coupe","Middle","4719","8","V","4","664","6500","752","2000","","","8.6:1","Gasoline - Premium","389","3.6","Rear","Manual","2","2","1175","4191","1989","1069","2659","","","","","1","","Koenigsegg","Koenigsegg","Sweden"
"20606","lada","1200","Estate","1974","Sedan","Front","1198","4","in-line","","62","5600","87","3400","76.0","66.0","8.8:1","","","","Rear","Manual","5","4","996","4070","1620","1460","2430","","","","46","0","","Lada","Lada","Russia"
"20782","lamborghini","350 GT","","1964","Coupe","Front","3464","12","V","","284","6500","327","4500","77.0","62.0","9.0:1","","251","","Rear","Manual","2","2","1297","4640","1740","1230","2560","","","","","1","","Lamborghini","Lamborghini","Italy"
"21275","lancia","Aprilia","","1941","","Front","1486","4","in-line","2","","","","","","","","Gasoline","","","Rear","Manual","5","","","3970","1480","","2760","","","","","0","","Lancia","Lancia","Italy"
"21619","land-rover","I","","1949","","","1595","4","in-line","2","52","4000","","","","","","Gasoline","","","","","","","","","","","","","","","","1","","Land Rover","Land Rover","UK"
"21723","lexus","LS","","1988","Sedan","Front","3969","8","in-line","4","245","5400","350","4400","","","","Gasoline","","","Rear","Automatic","5","4","1815","5000","1830","1430","2820","","","","","1","","Lexus","Lexus","Japan"
"21893","lincoln","Zephyr","","1941","","Front","4380","12","in-line","2","110","3900","","","","","","Gasoline","","","","","","","1640","5150","1860","1760","3110","","","","","1","","Lincoln","Lincoln","USA"
"22027","lotec","Testa de Oro","","1992","Coupe","Middle","4943","","","","760","","900","","82.0","78.0","","","347","","Rear","Manual","2","2","1650","","","","","","","","","0","","Lotec","Lotec","Germany"
"51989","luxgen","Luxgen7","MPV","2009","Minivan","Front","2200","4","in-line","4","175","5200","270","2500","","","","Gasoline","","","Front","5-speed automated manual","7","5","1830","4845","1876","1768","","","","","","0","","Luxgen","Luxgen","Taiwan"
"22219","mahindra","Armada","","1990","SUV","Front","2300","4","in-line","","75","4500","","","","","","Gasoline","","","4WD","Manual","5","5","2000","4310","","","","","","","","0","","Mahindra","Mahindra","India"
"22298","marcos","GT","","1959","","Front","997","4","in-line","","60","","","","","","","","","","Rear","Manual","2","2","394","3690","1400","","2220","","","","","1","","Marcos","Marcos","UK"
"22552","maserati","4","CL","1941","","Front","1490","4","in-line","2","221","8000","","","","","","Gasoline","","","Rear","Manual","","","630","","","","2510","","","","","1","","Maserati","Maserati","Italy"
"22628","matra-simca","D Jet","1.3","1963","","","1255","4","in-line","","103","6500","","","","","","Gasoline","","","","","","","660","4220","1510","1210","2410","","","","","0","","Matra-Simca","Matra-Simca","France"
"22661","maybach","SW","","1941","","","3820","6","boxer","2","141","4000","","","","","","Gasoline","","","","","","","2550","5100","","","3690","","","","","1","","Maybach","Maybach","Germany"
"23439","mazda","R 360","Coupe","1960","Coupe","","356","2","V","","16","5300","22","4000","60.0","63.0","","","89","","Rear","Manual","4","2","380","2990","1300","1300","1770","","","","55","1","","Mazda","Mazda","Japan"
"23872","mcc","Smart","","1997","Coupe","Rear","599","3","in-line","","54","","","","","","","","129","","Rear","Manual","2","2","650","2510","1460","","","","","","","1","","MCC","MCC","Germany"
"23904","mclaren","M1C","","1967","","","5818","8","V","2","","","","","","","","Gasoline","","","Rear","Manual","","","","","","","","","","","","0","","McLaren","McLaren","UK"
"24620","mercedes-benz","230","","1941","","Front","2229","6","in-line","2","54","3600","139","1800","","","","Gasoline","","","Rear","","","","1450","4590","1720","1620","3060","","","","","1","","Mercedes-Benz","Mercedes-Benz","Germany"
"26037","mercury","Roadster","","1949","Convertible","Front","3990","8","V","2","110","3800","","","","","","Gasoline","","","Rear","Automatic","","","1550","5260","","","2960","","","","","1","","Mercury","Mercury","USA"
"26201","mg","TD","","1949","Roadster","Front","1250","4","in-line","2","54","5200","87","2600","","","","Gasoline","","","Rear","","2","2","876","3690","1490","1350","2390","","","","","1","","MG","MG","UK"
"26451","mini","MK I","","1960","","Front","848","4","in-line","2","34","5500","60","2900","","","","Gasoline","","","Front","Manual","","","615","3060","1420","1360","2040","","","","","0","","Mini","Mini","UK"
"27363","monteverdi","375","S","1967","","Front","7206","8","V","","380","4600","652","3200","109.7","95.3","10.0:1","","260","6.3","Rear","Automatic","2","2","1600","4610","1800","1280","2520","","","","130","0","","Monteverdi","Monteverdi","Switzerland"
"27450","moretti","La Cita","","1948","","","348","2","in-line","","14","","","","61.8","58.0","","","90","","","Manual","2","2","501","","","","","","","","","0","","Moretti","Moretti","Italy"
"27494","morgan","F Super","","1948","","Front","1267","4","in-line","","39","4300","","","","","","Gasoline","","","Rear","Manual","","","","3460","","","2340","","","","","1","","Morgan","Morgan","UK"
"27586","morris","Ten Four","","1941","","","1140","4","in-line","2","","","","","","","","Gasoline","","","Rear","Manual","","","930","4020","1560","","2390","","","","","0","","Morris","Morris","UK"
"28650","nissan","Sedan","DA","1947","Sedan","Front","722","","","","14","3600","","","","","","Gasoline","","","","","","4","","","","","","","","","","0","","Nissan","Nissan","Japan"
"29110","noble","M10","","1999","","Middle","2500","6","V","4","170","","220","","","","","Gasoline","","","Rear","Manual","2","","960","3870","1760","1170","","","","","","1","","Noble","Noble","UK"
"29131","nsu","Prinz","Sport","1959","","Rear","583","2","in-line","2","30","5500","43","3200","76.0","66.0","","Gasoline","","","Rear","Manual","","","565","3570","1530","1240","2010","","","","","0","","NSU","NSU","Germany"
"29190","oldsmobile","66","Station Wagon","1941","Station Wagon","Front","3903","6","in-line","2","101","3400","","","88.9","104.8","","Gasoline","","","Rear","Manual","","5","1770","5190","1920","","3030","","","","","1","","Oldsmobile","Oldsmobile","USA"
"30110","opel","Kraftfahrzeug","15","1941","","","3626","6","in-line","2","68","2800","","","","","","Gasoline","","","","","","","2700","","","","","","","","","0","","Opel","Opel","Germany"
"30796","packard","12","","1941","","Front","7301","12","V","2","","","","","","","","Gasoline","","","Rear","","","","2450","5800","1910","1830","3440","","","","","1","","Packard","Packard","USA"
"46171","pagani","Zonda","C12","1999","Coupe","Middle","5987","12","V","4","394","5200","569","3800","","","","Gasoline","","4.2","Rear","Manual","2","2","1250","4395","2055","1151","2730","","","","","1","","Pagani","Pagani","Italy"
"30810","panoz","AIV","Roadster","1997","Roadster","Front","4601","8","V","4","306","5800","407","4800","90.2","90.2","","Gasoline","","","Rear","Manual","2","2","1180","4050","1950","1200","2660","","","","59","1","","Panoz","Panoz","USA"
"31424","peugeot","202","Cabriolet","1941","Convertible","Front","1133","4","in-line","2","30","4000","","","","","","Gasoline","","","Rear","Manual","","","850","4120","1510","","2460","","","","","0","","Peugeot","Peugeot","France"
"31812","pininfarina","33","Spider","1971","","Front","1995","8","V","","233","","","","","","","","","","Front","Automatic","","","","","","","","","","","","0","","Pininfarina","Pininfarina","Italy"
"31823","plymouth","Cambridge","P24","1953","","Front","3569","6","in-line","","98","3600","237","1200","","","7.0:1","","","","Rear","Manual","5","","1395","4820","1870","1620","2900","","","","","1","","Plymouth","Plymouth","USA"
"32399","pontiac","Star Chief","","1954","","Front","4715","8","V","2","175","4400","","","","","","Gasoline","","","Rear","Manual","5","","1650","5160","1930","1540","3110","","","","","1","","Pontiac","Pontiac","USA"
"32938","porsche","356","","1948","","Rear","1131","4","in-line","2","39","4200","","","","","","Gasoline","","","Rear","Manual","2","2","780","3870","1660","1300","2110","","","","","1","","Porsche","Porsche","Germany"
"33072","proton","Saloon","","1985","Sedan","Front","1299","4","in-line","","68","6000","102","4000","","","","Gasoline","","","Front","Manual","5","4","920","4290","1660","1370","2390","","","","","0","","Proton","Proton","Malaysia"
"33217","reliant","Sabre 4","","1961","","Front","1703","4","in-line","","71","4400","123","2300","82.6","79.5","8.8:1","Gasoline","","","Rear","Manual","2","2","798","4060","1560","1280","2290","","","","38","0","","Reliant","Reliant","UK"
"33285","renault","Juva","4","1941","","Front","1003","4","in-line","2","24","3500","","","","","","Gasoline","","","Rear","Manual","","","810","3610","1410","1560","2360","","","","","0","","Renault","Renault","France"
"34670","riley","RM A","","1945","","","1496","4","in-line","2","","","","","","","","Gasoline","","","Rear","Manual","","","1235","4560","1620","1550","2870","","","","","0","","Riley","Riley","UK"
"34707","rolls-royce","Silver Wraith","","1946","Sedan","Front","4257","6","in-line","2","125","4400","","","88.9","114.3","6.4:1","Gasoline","","","Rear","Automatic","5","4","2100","5240","1860","1760","3230","","","","81","1","","Rolls-Royce","Rolls-Royce","UK"
"34815","rover","P2","","1941","","","1577","6","in-line","2","48","4600","","","","","","Gasoline","","","","","","","1420","","","","","","","","","0","","Rover","Rover","UK"
"35379","saab","92","","1949","Coupe","Front","762","2","in-line","2","24","4000","","","","","","Gasoline","","","Front","","","2","805","3960","1630","1460","2480","","","","","1","","Saab","Saab","Sweden"
"35481","samsung","SM","520","1998","","","1998","4","in-line","","","","","","","","","","198","","","","5","4","1320","4830","1780","1420","2710","","","","","0","","Samsung","Samsung","South Korea"
"35539","saturn","Sports Coupe","","1991","Coupe","Front","1901","4","in-line","","125","6800","164","4800","82.1","90.0","9.5:1","","","","Front","Manual","4","2","1080","4470","1720","1290","2530","","","","","1","","Saturn","Saturn","USA"
"36270","simca","5","","1941","Coupe","Front","568","4","in-line","2","14","4000","","","","","","Gasoline","","","Rear","","","2","560","3220","1280","1350","2010","","","","","0","","Simca","Simca","France"
"36298","singer","SM 1500","Roadster","1951","","Front","1495","4","in-line","","48","4200","98","2200","73.0","89.4","7.0:1","","121","","Rear","Manual","2","2","840","3860","1480","1240","2320","","","","","0","","Singer","Singer","UK"
"36707","skoda","Polular 995","","1941","","","993","4","in-line","2","22","3500","","","","","","Gasoline","","","","","","","730","3810","1410","1490","","","","","","0","","Skoda","Skoda","Czech Republic"
"36765","smart","ForFour","1.5 Pulse","2000","Hatchback","Front","1499","4","in-line","4","109","6000","","","","","10.5:1","Gasoline - Premium","","9.8","Front","Manual","5","5","975","3760","1690","1460","","","6.1","","47","1","","Smart","Smart","France"
"36805","spyker","C8","Double 12 S","2001","Convertible","Middle","3999","8","V","4","406","","","","","","","Gasoline","","4.5","Rear","Manual","2","2","1350","4590","1990","1200","2680","","","","100","1","","Spyker","Spyker","Netherlands"
"36924","ssangyong","Musso","","1995","SUV","Front","2874","5","in-line","","95","4000","192","2600","","","","Diesel","","","4WD","Manual","","","1755","4650","1860","1740","","","","","","0","","SsangYong","SsangYong","South Korea"
"52180","ssc","Aero","","2006","Coupe","Middle","6000","8","V","","1077","6600","1357","5800","","","","Gasoline - Premium","380","","Rear","6-speed manual","2","2","1293","4470","2080","1090","","","","","","1","","SSC","SSC","USA"
"37038","steyr","220","","1941","","Front","2258","6","in-line","2","54","3600","","","73.0","90.0","","Gasoline","","","","","5","","1270","","1630","","2850","","","","","0","","Steyr","Steyr","Austria"
"37067","studebaker","Champion","","1946","","Front","2785","6","in-line","2","80","4000","","","","","","Gasoline","","","","","","","","","","","","","","","","1","","Studebaker","Studebaker","USA"
"37445","subaru","K 111","","1956","","Rear","356","2","in-line","","16","4500","","","","","","Gasoline","","","","","4","","385","3000","1310","1390","1810","","","","","1","","Subaru","Subaru","Japan"
"37751","sunbeam","10","","1941","","","1185","4","in-line","2","38","4500","","","","","","Gasoline","","","","","","","","","","","","","","","","0","","Sunbeam","Sunbeam","UK"
"38295","suzuki","Light","SS","1955","","","359","","","","14","4000","34","2700","","","","Gasoline","","","","","","","540","3000","1300","1410","2010","","","","","0","","Suzuki","Suzuki","Japan"
"38413","talbot","T 26","","1947","","","4481","6","in-line","2","170","4000","","","","","","Gasoline","","","Rear","Manual","","","1600","5060","1770","","3130","","","","","0","","Talbot","Talbot","UK"
"38434","tata","Estate","","1991","","","1947","4","in-line","2","68","","118","2500","","","","Diesel","","","Rear","Manual","","","1640","4630","1710","1620","2830","","","","","0","","Tata","Tata","India"
"38536","tatra","T87","","1941","","","2968","8","V","2","75","3500","","","","","","Gasoline","","","Rear","Manual","","","1370","4750","1680","1510","2860","","","","","0","","Tatra","Tatra","Czech Republic"
"39813","toyota","AA","","1941","","","3389","6","in-line","2","65","3000","","","","","","Gasoline","","","","","","","1600","4760","1760","1760","2860","","","","","0","","Toyota","Toyota","Japan"
"40664","trabant","P 70","","1955","","","690","2","in-line","","22","3500","54","3500","","","","Gasoline","","","","","","","850","3750","1510","1490","2390","","","","","0","","Trabant","Trabant","Germany"
"40771","triumph","1800","","1946","","Front","1774","4","in-line","","65","4400","","","73.0","106.0","6.7:1","","129","","Rear","","2","2","1092","4290","1660","","2550","","","","","1","","Triumph","Triumph","UK"
"41008","tvr","Grantura","","1958","","Front","1216","4","in-line","2","83","6000","","","","","","Gasoline","","","","","","","660","","","","","","","","","0","","TVR","TVR","UK"
"41353","vauxhall","Wyvern","","1951","","Front","1507","4","in-line","","","","","","","","","Gasoline","","","Rear","Manual","","","1030","4350","1700","1620","2730","","","","","0","","Vauxhall","Vauxhall","Germany"
"41396","vector","Wiegert","Vector W8 Twin Turbo","1991","Coupe","Middle","5973","8","V","2","653","","854","","101.6","91.4","8.0:1","","352","","Rear","Automatic","2","2","1550","4380","2090","1070","2620","","","","","1","","Vector","Vector","Japan"
"41444","venturi","Cabriolet","","1985","Convertible","Front","2458","6","in-line","","200","5750","297","2500","","","","Gasoline","","","Rear","Manual","","","1295","4100","1710","1180","2410","","","","","0","","Venturi","Venturi","France"
"42110","volkswagen","Schwimmwagen","","1941","","","1131","4","in-line","2","","","","","","","","Gasoline","","","","","","","900","3830","","","2010","","","","","0","","Volkswagen","Volkswagen","Germany"
"44094","wartburg","311","1","1955","","Front","992","3","in-line","2","50","","98","3000","73.6","78.0","","Gasoline","","","","","5","","970","4310","1580","1460","2460","","","","","1","","Wartburg","Wartburg","Germany"
"44129","westfield","ZEI","","1982","","","1993","4","in-line","4","220","6250","292","4250","","","","Gasoline","","","Rear","Manual","","","725","3550","1570","1060","2340","","","","","0","","Westfield","Westfield","UK"
"44152","willys-overland","Jeep","MB","1941","SUV","Front","2197","4","in-line","","54","","129","2000","79.4","111.1","6.5:1","","","","4WD","Manual","4","2","1113","3330","1580","1840","2040","","","","","1","","Willys-Overland","Willys-Overland","USA"
"44160","xedos","6","","1993","","Front","1993","6","V","4","140","6000","170","5000","","","","Gasoline","","","Front","Manual","","","1195","4570","1710","1360","2620","","","","","0","","Xedos","Xedos","Japan"
"44168","zagato","Ferrari 3Z","","1972","","Front","2953","12","V","2","254","7500","","","73.1","58.8","9.2:1","","","","Rear","Manual","2","2","","4530","1700","1290","2410","","","","","0","","Zagato","Zagato","Italy"
"44188","zastava","750","","1962","","","766","4","in-line","","24","4800","46","3000","","","","Gasoline","","","Rear","Manual","","","605","3300","1390","1410","2010","","","","","0","","Zastava","Zastava","Serbia"
"50649","zenvo","ST1","","2009","Coupe","Middle","7000","8","V","","1119","6900","1430","4500","","","","Gasoline","375","3.0","Rear","Manual","2","2","1376","4665","2041","1198","3055","","","","","1","","Zenvo","Zenvo","Denmark"
